{
    "start_timestamp": 0,
    "total": {
        "result": 1,
        "excluded": 2,
        "consistent": 1
    },
    "result": [
        {
            "state": "FOUND",
            "step_id": 1,
            "ramp_direction": "INDETERMINATE",
            "ramp_status": "AGAINST",
            "sp_start_time": 0.3390936851501465,
            "sp_end_time": 0.5934138298034668,
            "sp_start_displacement": 0.5016541761510512,
            "sp_end_displacement": 0.48847176046932445,
            "sp_duration": 0.2543201446533203,
            "sp_max_velocity": -0.12402584796294729,
            "qp_start_time": 0.5934138298034668,
            "qp_end_time": 0.7769229412078857,
            "qp_start_displacement": 0.48847176046932445,
            "qp_end_displacement": 0.6600995905259076,
            "qp_duration": 0.18350911140441895,
            "qp_max_velocity": 2.471118036618619,
            "chain_id": 18,
            "blinkEvents": [],
            "stationaryEvents": [],
            "expected_sp_ramp_direction": "DOWNWARD",
            "expected_qp_ramp_direction": "UPWARD",
            "expected_qp_peak_velocity": "UPWARD",
            "expected_sp_end_peak_type": "MINIMA",
            "expected_qp_end_peak_type": "MAXIMA",
            "expected_sp_end_bound": "LOWER",
            "sp_amplitude": -0.013182415681726789,
            "qp_amplitude": 0.17162783005658316,
            "sp_velocity": -0.051833942213647934,
            "qp_velocity": 0.9352550875708198,
            "id": 0
        }
    ],
    "exclude": [
        {
            "result": {
                "state": "FOUND",
                "step_id": {},
                "ramp_direction": "INDETERMINATE",
                "ramp_status": "AGAINST",
                "sp_start_time": 0.7769229412078857,
                "sp_end_time": 0.9793827533721924,
                "sp_start_displacement": 0.6600995905259076,
                "sp_end_displacement": 0.4762943492216222,
                "sp_duration": 0.20245981216430664,
                "sp_max_velocity": -4.209769486273135,
                "qp_start_time": 0.9793827533721924,
                "qp_end_time": 1.098064661026001,
                "qp_start_displacement": 0.4762943492216222,
                "qp_end_displacement": 0.4815838196698357,
                "qp_duration": 0.1186819076538086,
                "qp_max_velocity": 0.07599536234655702,
                "chain_id": 18,
                "blinkEvents": [],
                "stationaryEvents": [],
                "expected_sp_ramp_direction": "DOWNWARD",
                "expected_qp_ramp_direction": "UPWARD",
                "expected_qp_peak_velocity": "UPWARD",
                "expected_sp_end_peak_type": "MINIMA",
                "expected_qp_end_peak_type": "MAXIMA",
                "expected_sp_end_bound": "LOWER",
                "sp_amplitude": -0.18380524130428538,
                "qp_amplitude": 0.005289470448213485,
                "sp_velocity": -0.9078603765329877,
                "qp_velocity": 0.04456846500683747
            },
            "reason": {
                "is_valid": 0,
                "sp_duration": 0.20245981216430664,
                "sp_amplitude": 0.18380524130428538,
                "sp_velocity": 0.9078603765329877,
                "qp_duration": 0.1186819076538086,
                "qp_amplitude": 0.005289470448213485,
                "qp_velocity": 0.04456846500683747,
                "consistency_checks": 0,
                "is_qpdt_gt_zero": 1,
                "is_spdt_gt_zero": 1,
                "is_qpdt_le_spdt": true,
                "is_sign_qpv_spv_opp": true,
                "is_abs_qpv_gt_spv": false,
                "is_abs_max_qpv_gt_spv": false,
                "is_logical_test": true,
                "threshold_checks": null,
                "threshold_message": null,
                "slow_phase_duration_check": null,
                "quick_phase_duration_check": null,
                "slow_phase_amplitude_check": null,
                "quick_phase_amplitude_check": null,
                "slow_phase_velocity_check": null,
                "quick_phase_velocity_check": null,
                "stationarity_events_check": null,
                "sp_duration_limits_lower": 0.1,
                "sp_duration_limits_upper": 2,
                "sp_amplitude_limits_lower": 0.01,
                "sp_amplitude_limits_upper": 0.5,
                "sp_velocity_limits_lower": 0,
                "sp_velocity_limits_upper": 10,
                "qp_duration_limits_lower": 0,
                "qp_duration_limits_upper": 0.4,
                "qp_amplitude_limits_lower": 0.01,
                "qp_amplitude_limits_upper": 0.5,
                "qp_velocity_limits_lower": 0,
                "qp_velocity_limits_upper": 10,
                "sp_max_velocity": -4.209769486273135,
                "qp_max_velocity": 0.07599536234655702
            },
            "id": 1
        },
        {
            "result": {
                "state": "FOUND",
                "step_id": {},
                "ramp_direction": "INDETERMINATE",
                "ramp_status": "AGAINST",
                "sp_start_time": 3.8826239109039307,
                "sp_end_time": 4.062142848968506,
                "sp_start_displacement": 0.5040855968699736,
                "sp_end_displacement": 0.5013716641594382,
                "sp_duration": 0.1795189380645752,
                "sp_max_velocity": -0.05786136896188602,
                "qp_start_time": 4.062142848968506,
                "qp_end_time": 4.182821035385132,
                "qp_start_displacement": 0.5013716641594382,
                "qp_end_displacement": 0.5094987083883846,
                "qp_duration": 0.12067818641662598,
                "qp_max_velocity": 0.14437772194753692,
                "chain_id": 103,
                "blinkEvents": [],
                "stationaryEvents": [],
                "expected_sp_ramp_direction": "DOWNWARD",
                "expected_qp_ramp_direction": "UPWARD",
                "expected_qp_peak_velocity": "UPWARD",
                "expected_sp_end_peak_type": "MINIMA",
                "expected_qp_end_peak_type": "MAXIMA",
                "expected_sp_end_bound": "LOWER",
                "sp_amplitude": -0.0027139327105353273,
                "qp_amplitude": 0.00812704422894639,
                "sp_velocity": -0.015117807289830847,
                "qp_velocity": 0.0673447660282929
            },
            "reason": {
                "is_valid": 0,
                "sp_duration": 0.1795189380645752,
                "sp_amplitude": 0.0027139327105353273,
                "sp_velocity": 0.015117807289830847,
                "qp_duration": 0.12067818641662598,
                "qp_amplitude": 0.00812704422894639,
                "qp_velocity": 0.0673447660282929,
                "consistency_checks": 1,
                "is_qpdt_gt_zero": 1,
                "is_spdt_gt_zero": 1,
                "is_qpdt_le_spdt": true,
                "is_sign_qpv_spv_opp": true,
                "is_abs_qpv_gt_spv": true,
                "is_abs_max_qpv_gt_spv": true,
                "is_logical_test": true,
                "threshold_checks": 0,
                "threshold_message": "FAILS",
                "slow_phase_duration_check": true,
                "quick_phase_duration_check": true,
                "slow_phase_amplitude_check": false,
                "quick_phase_amplitude_check": false,
                "slow_phase_velocity_check": true,
                "quick_phase_velocity_check": true,
                "stationarity_events_check": null,
                "sp_duration_limits_lower": 0.1,
                "sp_duration_limits_upper": 2,
                "sp_amplitude_limits_lower": 0.01,