{
    "start_timestamp": 0,
    "total": {
        "result": 0,
        "excluded": 3,
        "consistent": 0
    },
    "result": [],
    "exclude": [
        {
            "result": {
                "state": "FOUND",
                "step_id": {},
                "ramp_direction": "INDETERMINATE",
                "ramp_status": "AGAINST",
                "sp_start_time": 1.7802422046661377,
                "sp_end_time": 1.8470633029937744,
                "sp_start_displacement": 0.5228507659014534,
                "sp_end_displacement": 0.4782407424029182,
                "sp_duration": 0.06682109832763672,
                "sp_max_velocity": -5.801232814426273,
                "qp_start_time": 1.8470633029937744,
                "qp_end_time": 1.9906792640686035,
                "qp_start_displacement": 0.4782407424029182,
                "qp_end_displacement": 0.489618974573472,
                "qp_duration": 0.1436159610748291,
                "qp_max_velocity": 0.15646073654419063,
                "chain_id": 90,
                "blinkEvents": [],
                "stationaryEvents": [],
                "expected_sp_ramp_direction": "DOWNWARD",
                "expected_qp_ramp_direction": "UPWARD",
                "expected_qp_peak_velocity": "UPWARD",
                "expected_sp_end_peak_type": "MINIMA",
                "expected_qp_end_peak_type": "MAXIMA",
                "expected_sp_end_bound": "LOWER",
                "sp_amplitude": -0.04461002349853521,
                "qp_amplitude": 0.011378232170553781,
                "sp_velocity": -0.6676038648721946,
                "qp_velocity": 0.0792267940512915
            },
            "reason": {
                "is_valid": 0,
                "sp_duration": 0.06682109832763672,
                "sp_amplitude": 0.04461002349853521,
                "sp_velocity": 0.6676038648721946,
                "qp_duration": 0.1436159610748291,
                "qp_amplitude": 0.011378232170553781,
                "qp_velocity": 0.0792267940512915,
                "consistency_checks": 0,
                "is_qpdt_gt_zero": 1,
                "is_spdt_gt_zero": 1,
                "is_qpdt_le_spdt": false,
                "is_sign_qpv_spv_opp": true,
                "is_abs_qpv_gt_spv": false,
                "is_abs_max_qpv_gt_spv": false,
                "is_logical_test": true,
                "threshold_checks": null,
                "threshold_message": null,
                "slow_phase_duration_check": null,
                "quick_phase_duration_check": null,
                "slow_phase_amplitude_check": null,
                "quick_phase_amplitude_check": null,
                "slow_phase_velocity_check": null,
                "quick_phase_velocity_check": null,
                "stationarity_events_check": null,
                "sp_duration_limits_lower": 0.1,
                "sp_duration_limits_upper": 2,
                "sp_amplitude_limits_lower": 0.01,
                "sp_amplitude_limits_upper": 0.5,
                "sp_velocity_limits_lower": 0,
                "sp_velocity_limits_upper": 10,
                "qp_duration_limits_lower": 0,
                "qp_duration_limits_upper": 0.4,
                "qp_amplitude_limits_lower": 0.01,
                "qp_amplitude_limits_upper": 0.5,
                "qp_velocity_limits_lower": 0,
                "qp_velocity_limits_upper": 10,
                "sp_max_velocity": -5.801232814426273,
                "qp_max_velocity": 0.15646073654419063
            },
            "id": 0
        },
        {
            "result": {
                "state": "FOUND",
                "step_id": {},
                "ramp_direction": "INDETERMINATE",
                "ramp_status": "AGAINST",
                "sp_start_time": 6.211400032043457,
                "sp_end_time": 6.27522873878479,
                "sp_start_displacement": 0.5072157803703757,
                "sp_end_displacement": 0.4857795939725988,
                "sp_duration": 0.06382870674133301,
                "sp_max_velocity": -0.7298467961811058,
                "qp_start_time": 6.27522873878479,
                "qp_end_time": 6.395906448364258,
                "qp_start_displacement": 0.4857795939725988,
                "qp_end_displacement": 0.5000357347376206,
                "qp_duration": 0.12067770957946777,
                "qp_max_velocity": 0.22524943830020988,
                "chain_id": 167,
                "blinkEvents": [],
                "stationaryEvents": [],
                "expected_sp_ramp_direction": "DOWNWARD",
                "expected_qp_ramp_direction": "UPWARD",
                "expected_qp_peak_velocity": "UPWARD",
                "expected_sp_end_peak_type": "MINIMA",
                "expected_qp_end_peak_type": "MAXIMA",
                "expected_sp_end_bound": "LOWER",
                "sp_amplitude": -0.021436186397776946,
                "qp_amplitude": 0.014256140765021852,
                "sp_velocity": -0.33583927189136825,
                "qp_velocity": 0.11813400183597292
            },
            "reason": {
                "is_valid": 0,
                "sp_duration": 0.06382870674133301,
                "sp_amplitude": 0.021436186397776946,
                "sp_velocity": 0.33583927189136825,
                "qp_duration": 0.12067770957946777,
                "qp_amplitude": 0.014256140765021852,
                "qp_velocity": 0.11813400183597292,
                "consistency_checks": 0,
                "is_qpdt_gt_zero": 1,
                "is_spdt_gt_zero": 1,
                "is_qpdt_le_spdt": false,
                "is_sign_qpv_spv_opp": true,
                "is_abs_qpv_gt_spv": false,
                "is_abs_max_qpv_gt_spv": false,
                "is_logical_test": true,
                "threshold_checks": null,
                "threshold_message": null,
                "slow_phase_duration_check": null,
                "quick_phase_duration_check": null,
                "slow_phase_amplitude_check": null,
                "quick_phase_amplitude_check": null,
                "slow_phase_velocity_check": null,
                "quick_phase_velocity_check": null,
                "stationarity_events_check": null,
                "sp_duration_limits_lower": 0.1,
                "sp_duration_limits_upper": 2,
                "sp_amplitude_limits_lower": 0.01,
                "sp_amplitude_limits_upper": 0.5,
                "sp_velocity_limits_lower": 0,
                "sp_velocity_limits_upper": 10,
                "qp_duration_limits_lower": 0,
                "qp_duration_limits_upper": 0.4,
                "qp_amplitude_limits_lower": 0.01,
                "qp_amplitude_limits_upper": 0.5,
                "qp_velocity_limits_lower": 0,
                "qp_velocity_limits_upper": 10,
                "sp_max_velocity": -0.7298467961811058,
                "qp_max_velocity": 0.22524943830020988
            },
            "id": 1
        },
        {
            "result": {
                "state": "FOUND",
                "step_id": {},
                "ramp_direction": "INDETERMINATE",
                "ramp_status": "AGAINST",
                "sp_start_time": 6.395906448364258,
                "sp_end_time": 6.395906448364258,
                "sp_start_displacement": 0.5000357347376206,
                "sp_end_displacement": 0.5000357347376206,
                "sp_duration": 0,
                "sp_max_velocity": -0.0030274931116250244,
                "qp_start_time": 6.395906448364258,
                "qp_end_time": 6.711064577102661,
                "qp_start_displacement": 0.5000357347376206,
                "qp_end_displacement": 0.625008134280934,
                "qp_duration": 0.3151581287384033,
                "qp_max_velocity": 1.5878592210202853,